Phase,Real,Imaginary
0,1.6855791728580272,-0.09692270340946407
90,-0.3706784445550269,1.5691874603012095
180,-0.049207824043597456,1.6491976571229956
270,-1.4960617190353542,-0.4945129142804094
