Phase,Real,Imaginary
0,1.6855791728580272,-0.09692270340946407
90,-0.37067844455502696,1.5691874603012093
180,-0.049207824043597526,1.6491976571229956
270,-1.4960617190353542,-0.49451291428040933
